item name,itemId,none1,none2,none3,none4,Personality,Rarity?,Qty Material 1,Qty Material 2,Qty Material 3,Qty Material 4,Qty Material 5,Qty Material 6,Material 1 Code,Material 2 Code,Material 3 Code,Material 4 Code,Material 5 Code,Material 6 Code
bridge construction kit,7211,458,49,_UNK_,_UNK_,Not from Villagers,0,4,4,4,0,0,0,5973,3090,2502,65534,65534,65534
campsite construction kit,5166,461,49,_UNK_,_UNK_,Not from Villagers,0,15,15,15,15,0,0,2768,2767,2769,2511,65534,65534
flimsy axe,3068,10,41,_UNK_,_UNK_,Not from Villagers,0,5,1,0,0,0,0,2500,2502,65534,65534,65534,65534
stone axe,5856,285,41,_UNK_,_UNK_,Not from Villagers,0,1,3,0,0,0,0,3068,2768,65534,65534,65534,65534
axe,2100,271,41,_UNK_,_UNK_,Not from Villagers,0,1,3,1,0,0,0,3068,2768,2511,65534,65534,65534
flimsy shovel,3082,19,41,_UNK_,_UNK_,Not from Villagers,0,5,0,0,0,0,0,2769,65534,65534,65534,65534,65534
shovel,2099,281,41,_UNK_,_UNK_,Not from Villagers,0,1,1,0,0,0,0,3082,2511,65534,65534,65534,65534
flimsy fishing rod,3084,21,41,_UNK_,_UNK_,Not from Villagers,0,5,0,0,0,0,0,2500,65534,65534,65534,65534,65534
fishing rod,2377,282,41,_UNK_,_UNK_,Not from Villagers,0,1,1,0,0,0,0,3084,2511,65534,65534,65534,65534
flimsy net,2376,22,41,_UNK_,_UNK_,Not from Villagers,0,5,0,0,0,0,0,2500,65534,65534,65534,65534,65534
net,5784,283,41,_UNK_,_UNK_,Not from Villagers,0,1,1,0,0,0,0,2376,2511,65534,65534,65534,65534
flimsy watering can,3083,20,41,_UNK_,_UNK_,Not from Villagers,0,5,0,0,0,0,0,2767,65534,65534,65534,65534,65534
watering can,2379,280,41,_UNK_,_UNK_,Not from Villagers,0,1,1,0,0,0,0,3083,2511,65534,65534,65534,65534
slingshot,2822,29,41,_UNK_,_UNK_,Not from Villagers,0,5,0,0,0,0,0,2769,65534,65534,65534,65534,65534
golden axe,9617,663,47,_UNK_,_UNK_,Not from Villagers,0,1,1,0,0,0,0,2505,2100,65534,65534,65534,65534
golden shovel,8574,660,47,_UNK_,_UNK_,Not from Villagers,0,1,1,0,0,0,0,2505,2099,65534,65534,65534,65534
golden rod,8660,662,47,_UNK_,_UNK_,Not from Villagers,0,1,1,0,0,0,0,2505,2377,65534,65534,65534,65534
golden net,8179,658,47,_UNK_,_UNK_,Not from Villagers,0,1,1,0,0,0,0,2505,5784,65534,65534,65534,65534
golden watering can,8533,659,47,_UNK_,_UNK_,Not from Villagers,0,1,1,0,0,0,0,2505,2379,65534,65534,65534,65534
golden slingshot,8578,661,47,_UNK_,_UNK_,Not from Villagers,0,1,1,0,0,0,0,2505,2822,65534,65534,65534,65534
vaulting pole,4703,183,41,_UNK_,_UNK_,Not from Villagers,0,5,0,0,0,0,0,2767,65534,65534,65534,65534,65534
ladder,2615,107,41,_UNK_,_UNK_,Not from Villagers,0,4,4,4,0,0,0,2768,2769,2767,65534,65534,65534
wand,7584,532,41,_UNK_,_UNK_,Not from Villagers,0,2,0,0,0,0,0,5983,65534,65534,65534,65534,65534
medicine,2777,567,46,_UNK_,_UNK_,Not from Villagers,0,1,3,0,0,0,0,3263,2624,65534,65534,65534,65534
fish bait,4549,191,46,_UNK_,_UNK_,Not from Villagers,0,1,0,0,0,0,0,2567,65534,65534,65534,65534,65534
ocarina,5320,218,16,_UNK_,_UNK_,Not from Villagers,0,5,0,0,0,0,0,3090,65534,65534,65534,65534,65534
pan flute,5517,398,14,_UNK_,_UNK_,Not from Villagers,0,7,0,0,0,0,0,5729,65534,65534,65534,65534,65534
pitfall seed,2578,264,14,_UNK_,_UNK_,Jock,100,4,6,0,0,0,0,2624,2500,65534,65534,65534,65534
campfire,1429,13,42,_UNK_,_UNK_,Not from Villagers,0,3,0,0,0,0,0,2500,65534,65534,65534,65534,65534
bonfire,1430,34,42,_UNK_,_UNK_,Cranky,0,1,10,0,0,0,0,1429,2768,65534,65534,65534,65534
tiki torch,343,103,42,_UNK_,_UNK_,Cranky,0,5,5,0,0,0,0,2500,2768,65534,65534,65534,65534
clothesline,3229,457,42,_UNK_,_UNK_,Cranky,0,10,0,0,0,0,0,2500,65534,65534,65534,65534,65534
scarecrow,1120,655,42,_UNK_,_UNK_,Cranky,0,3,5,0,0,0,0,2500,2624,65534,65534,65534,65534
tree branch wreath,4727,225,42,_UNK_,_UNK_,Uchi,50,10,0,0,0,0,0,2500,65534,65534,65534,65534,65534
tree-branch wand,7587,535,42,_UNK_,_UNK_,Not from Villagers,0,5,3,0,0,0,0,2500,5983,65534,65534,65534,65534
simple DIY workbench,7142,494,42,_UNK_,_UNK_,Jock,0,5,1,0,0,0,0,2769,2511,65534,65534,65534,65534
mini DIY workbench,3122,82,42,_UNK_,_UNK_,Not from Villagers,0,3,3,3,2,0,0,2768,2769,2767,2511,65534,65534
DIY workbench,1241,263,42,_UNK_,_UNK_,Uchi,100,5,5,5,3,1,0,2768,2769,2767,2511,3122,65534
wooden stool,3449,168,42,_UNK_,_UNK_,Peppy,0,4,0,0,0,0,0,2768,65534,65534,65534,65534,65534
wooden chair,1913,15,42,_UNK_,_UNK_,Snooty,0,6,0,0,0,0,0,2768,65534,65534,65534,65534,65534
wooden mini table,7133,492,42,_UNK_,_UNK_,Uchi,0,6,0,0,0,0,0,2768,65534,65534,65534,65534,65534
wooden end table,3438,170,42,_UNK_,_UNK_,Snooty,0,8,0,0,0,0,0,2768,65534,65534,65534,65534,65534
wooden low table,7134,491,42,_UNK_,_UNK_,Smug,0,10,0,0,0,0,0,2768,65534,65534,65534,65534,65534
wooden table,3439,201,42,_UNK_,_UNK_,Uchi,0,15,0,0,0,0,0,2768,65534,65534,65534,65534,65534
wooden wardrobe,3436,172,42,_UNK_,_UNK_,Not from Villagers,0,12,0,0,0,0,0,2768,65534,65534,65534,65534,65534
wooden chest,2560,17,42,_UNK_,_UNK_,Lazy,0,16,0,0,0,0,0,2768,65534,65534,65534,65534,65534
wooden simple bed,2605,18,42,_UNK_,_UNK_,Lazy,0,18,0,0,0,0,0,2768,65534,65534,65534,65534,65534
wooden double bed,7132,493,42,_UNK_,_UNK_,Smug,0,30,0,0,0,0,0,2768,65534,65534,65534,65534,65534
wooden full-length mirror,7137,502,42,_UNK_,_UNK_,Peppy,0,5,1,0,0,0,0,2768,2511,65534,65534,65534,65534
wooden table mirror,8826,572,42,_UNK_,_UNK_,Uchi,0,3,1,0,0,0,0,2768,2511,65534,65534,65534,65534
wooden waste bin,3490,173,42,_UNK_,_UNK_,Uchi,0,4,0,0,0,0,0,2768,65534,65534,65534,65534,65534
log stool,4038,116,42,_UNK_,_UNK_,Peppy,0,4,0,0,0,0,0,2769,65534,65534,65534,65534,65534
log bench,4042,112,42,_UNK_,_UNK_,Normal,0,5,0,0,0,0,0,2769,65534,65534,65534,65534,65534
wild log bench,5972,436,42,_UNK_,_UNK_,Jock,0,8,0,0,0,0,0,2769,65534,65534,65534,65534,65534
log dining table,4040,118,42,_UNK_,_UNK_,Cranky,0,15,0,0,0,0,0,2769,65534,65534,65534,65534,65534
log round table,4043,111,42,_UNK_,_UNK_,Peppy,0,15,0,0,0,0,0,2769,65534,65534,65534,65534,65534
log garden lounge,4035,113,42,_UNK_,_UNK_,Peppy,0,12,0,0,0,0,0,2769,65534,65534,65534,65534,65534
log sofa,4039,117,42,_UNK_,_UNK_,Normal,0,8,0,0,0,0,0,2769,65534,65534,65534,65534,65534
log extra-long sofa,4044,110,42,_UNK_,_UNK_,Normal,100,2,0,0,0,0,0,4039,65534,65534,65534,65534,65534
log bed,4041,119,42,_UNK_,_UNK_,Peppy,0,30,0,0,0,0,0,2769,65534,65534,65534,65534,65534
log decorative shelves,4036,114,42,_UNK_,_UNK_,Normal,100,2,3,0,0,0,0,4042,2769,65534,65534,65534,65534
log wall-mounted clock,4037,115,42,_UNK_,_UNK_,Lazy,50,2,1,0,0,0,0,2769,2511,65534,65534,65534,65534
log stakes,5973,412,42,_UNK_,_UNK_,Smug,0,3,0,0,0,0,0,2768,65534,65534,65534,65534,65534
wooden-block toy,3206,38,42,_UNK_,_UNK_,Not from Villagers,0,3,0,0,0,0,0,2767,65534,65534,65534,65534,65534
wooden-block stool,5543,387,42,_UNK_,_UNK_,Peppy,0,1,2,0,0,0,0,3206,2767,65534,65534,65534,65534
wooden-block chair,2558,160,42,_UNK_,_UNK_,Not from Villagers,0,1,3,0,0,0,0,3206,2767,65534,65534,65534,65534
wooden-block bench,1559,23,42,_UNK_,_UNK_,Uchi,0,1,4,0,0,0,0,3206,2767,65534,65534,65534,65534
wooden-block table,1565,26,42,_UNK_,_UNK_,Uchi,0,1,8,0,0,0,0,3206,2767,65534,65534,65534,65534
wooden-block chest,1561,24,42,_UNK_,_UNK_,Normal,0,1,12,0,0,0,0,3206,2767,65534,65534,65534,65534
wooden-block bed,1557,61,42,_UNK_,_UNK_,Normal,0,1,17,0,0,0,0,3206,2767,65534,65534,65534,65534
wooden-block bookshelf,1558,62,42,_UNK_,_UNK_,Not from Villagers,0,1,3,0,0,0,0,3206,2767,65534,65534,65534,65534
wooden-block stereo,3205,89,42,_UNK_,_UNK_,Not from Villagers,0,1,5,2,0,0,0,3206,2767,2511,65534,65534,65534
wooden-block wall clock,3208,90,42,_UNK_,_UNK_,Peppy,50,1,2,1,0,0,0,3206,2767,2511,65534,65534,65534
plain sink,3683,174,42,_UNK_,_UNK_,Not from Villagers,0,6,4,1,0,0,0,2768,3090,2511,65534,65534,65534
plain wooden shop sign,3692,166,42,_UNK_,_UNK_,Jock,0,6,0,0,0,0,0,2768,65534,65534,65534,65534,65534
natural garden chair,2586,80,42,_UNK_,_UNK_,Peppy,0,6,2,0,0,0,0,2769,2511,65534,65534,65534,65534
natural square table,12332,670,42,_UNK_,_UNK_,Normal,0,4,2,0,0,0,0,2769,2511,65534,65534,65534,65534
natural garden table,3396,224,42,_UNK_,_UNK_,Normal,0,9,3,0,0,0,0,2769,2511,65534,65534,65534,65534
rocking chair,1103,57,42,_UNK_,_UNK_,Not from Villagers,0,3,5,0,0,0,0,2768,2767,65534,65534,65534,65534
swinging bench,1170,59,42,_UNK_,_UNK_,Not from Villagers,0,5,7,0,0,0,0,2768,2767,65534,65534,65534,65534
grass standee,530,582,42,_UNK_,_UNK_,Normal,0,2,2,0,0,0,0,2768,2767,65534,65534,65534,65534
hedge standee,531,583,42,_UNK_,_UNK_,Normal,0,2,3,0,0,0,0,2768,2767,65534,65534,65534,65534
mountain standee,532,584,42,_UNK_,_UNK_,Jock,0,4,5,0,0,0,0,2768,2767,65534,65534,65534,65534
tree standee,533,585,42,_UNK_,_UNK_,Jock,0,5,8,0,0,0,0,2768,2767,65534,65534,65534,65534
tea table,739,33,42,_UNK_,_UNK_,Cranky,0,12,0,0,0,0,0,2769,65534,65534,65534,65534,65534
trophy case,7261,576,42,_UNK_,_UNK_,Jock,100,24,3,6,0,0,0,2769,2505,2511,65534,65534,65534
clackercart,80,164,42,_UNK_,_UNK_,Lazy,0,2,6,0,0,0,0,2769,2767,65534,65534,65534,65534
rocking horse,83,102,42,_UNK_,_UNK_,Normal,0,5,0,0,0,0,0,2767,65534,65534,65534,65534,65534
birdcage,865,216,42,_UNK_,_UNK_,Uchi,0,8,0,0,0,0,0,2768,65534,65534,65534,65534,65534
music stand,1058,215,42,_UNK_,_UNK_,Lazy,0,8,0,0,0,0,0,2769,65534,65534,65534,65534,65534
acoustic guitar,383,44,42,_UNK_,_UNK_,Smug,0,8,3,0,0,0,0,2767,2511,65534,65534,65534,65534
doghouse,1799,14,42,_UNK_,_UNK_,Jock,0,10,7,0,0,0,0,2768,2769,65534,65534,65534,65534
barrel,1266,165,42,_UNK_,_UNK_,Cranky,0,5,2,0,0,0,0,2768,2511,65534,65534,65534,65534
wooden bucket,880,16,42,_UNK_,_UNK_,Smug,0,3,1,0,0,0,0,2768,2511,65534,65534,65534,65534
butter churn,7805,508,42,_UNK_,_UNK_,Snooty,0,4,2,0,0,0,0,2768,2511,65534,65534,65534,65534
birdhouse,333,41,42,_UNK_,_UNK_,Peppy,0,2,5,0,0,0,0,2768,2767,65534,65534,65534,65534
garden wagon,8419,571,42,_UNK_,_UNK_,Peppy,0,3,3,3,8,2,0,3730,2304,2939,2768,2511,65534
bonsai shelf,3580,593,42,_UNK_,_UNK_,Cranky,100,1,1,8,0,0,0,6030,3802,2768,65534,65534,65534
stall,3617,596,42,_UNK_,_UNK_,Not from Villagers,0,12,0,0,0,0,0,2768,65534,65534,65534,65534,65534
signpost,3588,213,42,_UNK_,_UNK_,Lazy,100,2,3,0,0,0,0,2769,2767,65534,65534,65534,65534
angled signpost,7867,510,42,_UNK_,_UNK_,Lazy,100,2,3,0,0,0,0,2769,2767,65534,65534,65534,65534
destinations signpost,4309,383,42,_UNK_,_UNK_,Not from Villagers,0,4,8,0,0,0,0,2769,2767,65534,65534,65534,65534
sleigh,7281,580,42,_UNK_,_UNK_,Cranky,0,8,0,0,0,0,0,2768,65534,65534,65534,65534,65534
ringtoss,88,43,42,_UNK_,_UNK_,Not from Villagers,0,2,2,0,0,0,0,2768,2767,65534,65534,65534,65534
matryoshka,1652,403,42,_UNK_,_UNK_,Lazy,0,5,0,0,0,0,0,2767,65534,65534,65534,65534,65534
ukulele,669,45,42,_UNK_,_UNK_,Smug,0,5,0,0,0,0,0,2769,65534,65534,65534,65534,65534
wooden fish,4124,193,42,_UNK_,_UNK_,Not from Villagers,0,3,0,0,0,0,0,2768,65534,65534,65534,65534,65534
old-fashioned washtub,4393,195,42,_UNK_,_UNK_,Not from Villagers,0,3,0,0,0,0,0,2767,65534,65534,65534,65534,65534
cutting board,3618,284,42,_UNK_,_UNK_,Normal,0,2,1,0,0,0,0,2769,2511,65534,65534,65534,65534
decoy duck,1797,390,42,_UNK_,_UNK_,Smug,0,4,0,0,0,0,0,2767,65534,65534,65534,65534,65534
firewood,5970,402,42,_UNK_,_UNK_,Jock,0,8,0,0,0,0,0,2768,65534,65534,65534,65534,65534
wooden toolbox,7454,579,42,_UNK_,_UNK_,Normal,0,4,2,0,0,0,0,2767,2511,65534,65534,65534,65534
key holder,3992,437,42,_UNK_,_UNK_,Uchi,50,3,1,0,0,0,0,2768,2511,65534,65534,65534,65534
boomerang,682,171,42,_UNK_,_UNK_,Lazy,50,3,0,0,0,0,0,2769,65534,65534,65534,65534,65534
deer decoration,3340,378,42,_UNK_,_UNK_,Lazy,50,8,0,0,0,0,0,2767,65534,65534,65534,65534,65534
wooden-plank sign,5636,279,42,_UNK_,_UNK_,Cranky,50,5,0,0,0,0,0,2769,65534,65534,65534,65534,65534
bone doorplate,4751,467,42,_UNK_,_UNK_,Lazy,50,3,0,0,0,0,0,2767,65534,65534,65534,65534,65534
paw-print doorplate,5716,466,42,_UNK_,_UNK_,Peppy,50,3,0,0,0,0,0,2768,65534,65534,65534,65534,65534
timber doorplate,5718,465,42,_UNK_,_UNK_,Snooty,50,2,1,0,0,0,0,2768,2943,65534,65534,65534,65534
modern wood wall,4904,320,42,_UNK_,_UNK_,Snooty,0,5,5,5,0,0,0,2768,2767,2769,65534,65534,65534
wooden-mosaic wall,4859,310,42,_UNK_,_UNK_,Normal,0,15,0,0,0,0,0,2768,65534,65534,65534,65534,65534
dark wooden-mosaic wall,4860,311,42,_UNK_,_UNK_,Uchi,0,15,0,0,0,0,0,2768,65534,65534,65534,65534,65534
wild-wood wall,4858,309,42,_UNK_,_UNK_,Cranky,0,15,0,0,0,0,0,2768,65534,65534,65534,65534,65534
brown herringbone wall,4804,312,42,_UNK_,_UNK_,Uchi,0,15,0,0,0,0,0,2767,65534,65534,65534,65534,65534
chocolate herringbone wall,4805,313,42,_UNK_,_UNK_,Smug,0,15,0,0,0,0,0,2767,65534,65534,65534,65534,65534
wooden-knot wall,4911,319,42,_UNK_,_UNK_,Smug,0,15,0,0,0,0,0,2769,65534,65534,65534,65534,65534
cabin wall,4840,315,42,_UNK_,_UNK_,Peppy,0,15,0,0,0,0,0,2769,65534,65534,65534,65534,65534
stacked-wood wall,4844,314,42,_UNK_,_UNK_,Jock,0,15,0,0,0,0,0,2769,65534,65534,65534,65534,65534
log pack,7498,638,42,_UNK_,_UNK_,Jock,0,3,5,0,0,0,0,2768,2769,65534,65534,65534,65534
corral fence,4349,269,42,_UNK_,_UNK_,Not from Villagers,0,6,0,0,0,0,0,2768,65534,65534,65534,65534,65534
vertical-board fence,3402,100,42,_UNK_,_UNK_,Not from Villagers,0,8,0,0,0,0,0,2768,65534,65534,65534,65534,65534
country fence,4350,268,42,_UNK_,_UNK_,Not from Villagers,0,6,0,0,0,0,0,2769,65534,65534,65534,65534,65534
spiky fence,4358,553,42,_UNK_,_UNK_,Not from Villagers,0,8,0,0,0,0,0,2769,65534,65534,65534,65534,65534
barbed-wire fence,5213,561,42,_UNK_,_UNK_,Not from Villagers,0,4,2,0,0,0,0,2769,2511,65534,65534,65534,65534
simple wooden fence,11711,656,42,_UNK_,_UNK_,Not from Villagers,0,6,0,0,0,0,0,2767,65534,65534,65534,65534,65534
lattice fence,11712,657,42,_UNK_,_UNK_,Not from Villagers,0,8,0,0,0,0,0,2767,65534,65534,65534,65534,65534
imperial fence,4354,550,42,_UNK_,_UNK_,Not from Villagers,0,6,4,0,0,0,0,2768,2767,65534,65534,65534,65534
recycled-can thumb piano,7045,504,45,_UNK_,_UNK_,Not from Villagers,0,1,1,1,0,0,0,3466,2768,2511,65534,65534,65534
tire toy,2329,78,45,_UNK_,_UNK_,Not from Villagers,0,1,0,0,0,0,0,3470,65534,65534,65534,65534,65534
tire stack,1189,60,45,_UNK_,_UNK_,Not from Villagers,0,3,0,0,0,0,0,3470,65534,65534,65534,65534,65534
trash bags,1823,66,45,_UNK_,_UNK_,Not from Villagers,0,1,1,1,0,0,0,3466,3469,3470,65534,65534,65534
garbage-heap wall,5229,301,45,_UNK_,_UNK_,Not from Villagers,0,2,2,2,0,0,0,3466,3469,3470,65534,65534,65534
garbage-heap flooring,5236,486,45,_UNK_,_UNK_,Not from Villagers,0,2,2,2,0,0,0,3466,3469,3470,65534,65534,65534
recycled boots,12326,664,45,_UNK_,_UNK_,Not from Villagers,0,2,0,0,0,0,0,3469,65534,65534,65534,65534,65534
modeling clay,7258,574,16,_UNK_,_UNK_,Cranky,0,2,0,0,0,0,0,3090,65534,65534,65534,65534,65534
unglazed dish set,4025,120,16,_UNK_,_UNK_,Snooty,0,3,0,0,0,0,0,3090,65534,65534,65534,65534,65534
classic pitcher,4073,192,16,_UNK_,_UNK_,Snooty,0,4,0,0,0,0,0,3090,65534,65534,65534,65534,65534
pot,2559,37,16,_UNK_,_UNK_,Cranky,0,5,0,0,0,0,0,3090,65534,65534,65534,65534,65534
aroma pot,1753,30,16,_UNK_,_UNK_,Snooty,0,3,0,0,0,0,0,3090,65534,65534,65534,65534,65534
raccoon figurine,7452,520,16,_UNK_,_UNK_,Cranky,0,6,0,0,0,0,0,3090,65534,65534,65534,65534,65534
brick oven,1157,58,16,_UNK_,_UNK_,Not from Villagers,0,8,2,6,0,0,0,3090,2511,2768,65534,65534,65534
brick well,3776,408,16,_UNK_,_UNK_,Not from Villagers,0,8,5,1,0,0,0,3090,2768,3082,65534,65534,65534
silo,7247,598,16,_UNK_,_UNK_,Not from Villagers,0,12,6,12,12,0,0,2511,2769,3090,2502,65534,65534
brick fence,3080,99,16,_UNK_,_UNK_,Not from Villagers,0,6,0,0,0,0,0,3090,65534,65534,65534,65534,65534
stone stool,3398,104,17,_UNK_,_UNK_,Not from Villagers,0,3,0,0,0,0,0,2502,65534,65534,65534,65534,65534
stone table,3397,105,17,_UNK_,_UNK_,Lazy,0,8,0,0,0,0,0,2502,65534,65534,65534,65534,65534
birdbath,331,42,17,_UNK_,_UNK_,Snooty,0,6,0,0,0,0,0,2502,65534,65534,65534,65534,65534
drinking fountain,2319,77,17,_UNK_,_UNK_,Not from Villagers,0,8,2,0,0,0,0,2502,2511,65534,65534,65534,65534
fountain,8031,599,17,_UNK_,_UNK_,Not from Villagers,0,1,20,8,0,0,0,2319,2502,2511,65534,65534,65534
garden rock,729,48,17,_UNK_,_UNK_,Lazy,0,15,0,0,0,0,0,2502,65534,65534,65534,65534,65534
flat garden rock,12206,646,17,_UNK_,_UNK_,Snooty,0,20,0,0,0,0,0,2502,65534,65534,65534,65534,65534
mossy garden rock,12208,647,17,_UNK_,_UNK_,Lazy,0,15,15,0,0,0,0,2502,2624,65534,65534,65534,65534
tall garden rock,730,49,17,_UNK_,_UNK_,Snooty,0,60,0,0,0,0,0,2502,65534,65534,65534,65534,65534
stone arch,11941,652,17,_UNK_,_UNK_,Not from Villagers,0,90,0,0,0,0,0,2502,65534,65534,65534,65534,65534
sauna heater,3689,374,17,_UNK_,_UNK_,Lazy,0,6,3,3,0,0,0,2502,2511,2768,65534,65534,65534
simple well,2754,36,17,_UNK_,_UNK_,Not from Villagers,0,15,1,0,0,0,0,2502,3082,65534,65534,65534,65534
outdoor bath,1111,410,17,_UNK_,_UNK_,Not from Villagers,0,20,1,0,0,0,0,2502,2099,65534,65534,65534,65534
wave breaker,665,55,17,_UNK_,_UNK_,Not from Villagers,0,10,10,0,0,0,0,2502,3090,65534,65534,65534,65534
western-style stone,3446,518,17,_UNK_,_UNK_,Normal,100,30,0,0,0,0,0,2502,65534,65534,65534,65534,65534
zen-style stone,7317,568,17,_UNK_,_UNK_,Lazy,100,30,0,0,0,0,0,2502,65534,65534,65534,65534,65534
stone lion-dog,7795,570,17,_UNK_,_UNK_,Smug,100,24,0,0,0,0,0,2502,65534,65534,65534,65534,65534
stone tablet,11943,651,17,_UNK_,_UNK_,Not from Villagers,0,12,0,0,0,0,0,2502,65534,65534,65534,65534,65534
tall lantern,676,653,17,_UNK_,_UNK_,Smug,100,18,0,0,0,0,0,2502,65534,65534,65534,65534,65534
pond stone,7393,513,17,_UNK_,_UNK_,Snooty,0,10,0,0,0,0,0,2502,65534,65534,65534,65534,65534
cherry-blossom pond stone,7409,511,17,_UNK_,_UNK_,Not from Villagers,0,10,3,0,0,0,0,2502,5859,65534,65534,65534,65534
maple-leaf pond stone,7408,512,17,_UNK_,_UNK_,Not from Villagers,0,10,3,0,0,0,0,2502,7374,65534,65534,65534,65534
fossil doorplate,5719,464,17,_UNK_,_UNK_,Jock,50,1,2,0,0,0,0,2579,2502,65534,65534,65534,65534
stone wall,5216,318,17,_UNK_,_UNK_,Smug,0,10,0,0,0,0,0,2502,65534,65534,65534,65534,65534
rustic-stone wall,4813,324,17,_UNK_,_UNK_,Snooty,0,5,5,0,0,0,0,2502,3090,65534,65534,65534,65534
basement flooring,4797,474,17,_UNK_,_UNK_,Smug,0,10,0,0,0,0,0,2502,65534,65534,65534,65534,65534
stone fence,5212,266,17,_UNK_,_UNK_,Not from Villagers,0,4,0,0,0,0,0,2502,65534,65534,65534,65534,65534
iron-and-stone fence,5206,555,17,_UNK_,_UNK_,Not from Villagers,0,6,3,0,0,0,0,2502,2511,65534,65534,65534,65534
zen fence,5207,556,17,_UNK_,_UNK_,Not from Villagers,0,3,3,3,0,0,0,2511,3090,2502,65534,65534,65534
iron garden chair,1626,64,45,_UNK_,_UNK_,Uchi,0,3,0,0,0,0,0,2511,65534,65534,65534,65534,65534
iron garden table,1627,65,45,_UNK_,_UNK_,Uchi,0,5,0,0,0,0,0,2511,65534,65534,65534,65534,65534
iron garden bench,1625,63,45,_UNK_,_UNK_,Uchi,0,8,0,0,0,0,0,2511,65534,65534,65534,65534,65534
iron worktable,3560,126,45,_UNK_,_UNK_,Uchi,0,10,0,0,0,0,0,2511,65534,65534,65534,65534,65534
iron closet,9642,573,45,_UNK_,_UNK_,Uchi,0,12,0,0,0,0,0,2511,65534,65534,65534,65534,65534
iron shelf,3563,128,45,_UNK_,_UNK_,Uchi,0,14,0,0,0,0,0,2511,65534,65534,65534,65534,65534
iron hanger stand,3561,365,45,_UNK_,_UNK_,Cranky,0,3,0,0,0,0,0,2511,65534,65534,65534,65534,65534
standard umbrella stand,3445,169,45,_UNK_,_UNK_,Cranky,0,3,0,0,0,0,0,2511,65534,65534,65534,65534,65534
frying pan,4104,199,45,_UNK_,_UNK_,Not from Villagers,0,2,0,0,0,0,0,2511,65534,65534,65534,65534,65534
gong,4075,393,45,_UNK_,_UNK_,Cranky,0,6,5,0,0,0,0,2511,2768,65534,65534,65534,65534
water pump,2326,389,45,_UNK_,_UNK_,Lazy,0,2,6,0,0,0,0,2511,3090,65534,65534,65534,65534
jail bars,5931,435,45,_UNK_,_UNK_,Cranky,0,5,0,0,0,0,0,2511,65534,65534,65534,65534,65534
kettlebell,7535,600,45,_UNK_,_UNK_,Jock,0,5,0,0,0,0,0,2511,65534,65534,65534,65534,65534
barbell,4078,395,45,_UNK_,_UNK_,Jock,0,10,0,0,0,0,0,2511,65534,65534,65534,65534,65534
iron frame,2553,79,45,_UNK_,_UNK_,Jock,0,20,0,0,0,0,0,2511,65534,65534,65534,65534,65534
kettle bathtub,4008,490,45,_UNK_,_UNK_,Cranky,0,8,2,1,0,0,0,2511,2768,1429,65534,65534,65534
manhole cover,144,277,45,_UNK_,_UNK_,Not from Villagers,0,3,0,0,0,0,0,2511,65534,65534,65534,65534,65534
iron wall lamp,3559,122,45,_UNK_,_UNK_,Not from Villagers,0,4,2,0,0,0,0,2511,3090,65534,65534,65534,65534
iron wall rack,3562,123,45,_UNK_,_UNK_,Smug,50,3,1,0,0,0,0,2511,3090,65534,65534,65534,65534
iron doorplate,4752,468,45,_UNK_,_UNK_,Uchi,50,2,0,0,0,0,0,2511,65534,65534,65534,65534,65534
crest doorplate,5717,469,45,_UNK_,_UNK_,Smug,50,4,0,0,0,0,0,2511,65534,65534,65534,65534,65534
steel-frame wall,4801,325,45,_UNK_,_UNK_,Smug,0,8,0,0,0,0,0,2511,65534,65534,65534,65534,65534
steel flooring,4960,489,45,_UNK_,_UNK_,Smug,0,7,0,0,0,0,0,2511,65534,65534,65534,65534,65534
knight's helmet,5334,641,45,_UNK_,_UNK_,Cranky,100,5,0,0,0,0,0,2511,65534,65534,65534,65534,65534
iron armor,4588,640,45,_UNK_,_UNK_,Cranky,100,8,0,0,0,0,0,2511,65534,65534,65534,65534,65534
armor shoes,5472,642,45,_UNK_,_UNK_,Cranky,100,4,0,0,0,0,0,2511,65534,65534,65534,65534,65534
rope fence,4352,549,45,_UNK_,_UNK_,Not from Villagers,0,4,0,0,0,0,0,2511,65534,65534,65534,65534,65534
iron fence,4357,267,45,_UNK_,_UNK_,Not from Villagers,0,6,0,0,0,0,0,2511,65534,65534,65534,65534,65534
iron wand,7592,540,45,_UNK_,_UNK_,Not from Villagers,0,3,3,0,0,0,0,2511,5983,65534,65534,65534,65534
ironwood chair,3193,83,15,_UNK_,_UNK_,Smug,0,3,2,0,0,0,0,2768,2511,65534,65534,65534,65534
ironwood cart,3195,85,15,_UNK_,_UNK_,Smug,0,6,4,0,0,0,0,2768,2511,65534,65534,65534,65534
ironwood dresser,3196,86,15,_UNK_,_UNK_,Snooty,0,7,4,0,0,0,0,2768,2511,65534,65534,65534,65534
ironwood table,3191,35,15,_UNK_,_UNK_,Cranky,0,12,6,0,0,0,0,2768,2511,65534,65534,65534,65534
ironwood low table,3194,84,15,_UNK_,_UNK_,Snooty,0,6,4,0,0,0,0,2768,2511,65534,65534,65534,65534
ironwood bed,3200,87,15,_UNK_,_UNK_,Smug,0,20,10,0,0,0,0,2768,2511,65534,65534,65534,65534
ironwood cupboard,3271,92,15,_UNK_,_UNK_,Snooty,100,12,6,1,0,0,0,2768,2511,3196,65534,65534,65534
ironwood kitchenette,3270,91,15,_UNK_,_UNK_,Not from Villagers,0,4,3,1,1,0,0,2768,2511,3196,3618,65534,65534
ironwood DIY workbench,3943,125,15,_UNK_,_UNK_,Cranky,100,12,6,1,0,0,0,2768,2511,3122,65534,65534,65534
garden bench,3509,124,15,_UNK_,_UNK_,Snooty,0,12,4,0,0,0,0,2768,2511,65534,65534,65534,65534
ironwood clock,3275,94,15,_UNK_,_UNK_,Smug,50,2,2,0,0,0,0,2768,2511,65534,65534,65534,65534
gold bars,3065,81,47,_UNK_,_UNK_,Snooty,100,3,0,0,0,0,0,2505,65534,65534,65534,65534,65534
golden dishes,3810,131,47,_UNK_,_UNK_,Snooty,0,1,0,0,0,0,0,2505,65534,65534,65534,65534,65534
golden candlestick,3772,130,47,_UNK_,_UNK_,Smug,0,2,0,0,0,0,0,2505,65534,65534,65534,65534,65534
golden seat,3473,133,47,_UNK_,_UNK_,Snooty,200,5,0,0,0,0,0,2505,65534,65534,65534,65534,65534
golden casket,8825,569,47,_UNK_,_UNK_,Smug,200,8,0,0,0,0,0,2505,65534,65534,65534,65534,65534
golden toilet,3472,262,47,_UNK_,_UNK_,Snooty,200,6,0,0,0,0,0,2505,65534,65534,65534,65534,65534
lucky gold cat,9814,578,47,_UNK_,_UNK_,Snooty,100,2,1,0,0,0,0,2505,131,65534,65534,65534,65534
golden gears,11261,595,47,_UNK_,_UNK_,Smug,50,1,3,0,0,0,0,2505,2511,65534,65534,65534,65534
golden dung beetle,5941,601,47,_UNK_,_UNK_,Lazy,100,3,0,0,0,0,0,2505,65534,65534,65534,65534,65534
golden arowana model,11260,602,47,_UNK_,_UNK_,Lazy,100,3,0,0,0,0,0,2505,65534,65534,65534,65534,65534
golden wall,4894,299,47,_UNK_,_UNK_,Smug,100,4,0,0,0,0,0,2505,65534,65534,65534,65534,65534
gold-screen wall,4820,298,47,_UNK_,_UNK_,Smug,100,2,1,0,0,0,0,2505,4819,65534,65534,65534,65534
golden flooring,5021,475,47,_UNK_,_UNK_,Smug,100,4,0,0,0,0,0,2505,65534,65534,65534,65534,65534
gold helmet,5346,644,47,_UNK_,_UNK_,Smug,200,5,0,0,0,0,0,2505,65534,65534,65534,65534,65534
gold armor,4590,566,47,_UNK_,_UNK_,Smug,100,8,0,0,0,0,0,2505,65534,65534,65534,65534,65534
gold-armor shoes,5524,643,47,_UNK_,_UNK_,Smug,200,4,0,0,0,0,0,2505,65534,65534,65534,65534,65534
golden wand,7591,539,47,_UNK_,_UNK_,Not from Villagers,0,2,3,0,0,0,0,2505,5983,65534,65534,65534,65534
hay bed,3675,167,14,_UNK_,_UNK_,Not from Villagers,0,20,0,0,0,0,0,2624,65534,65534,65534,65534,65534
succulent plant,132,190,14,_UNK_,_UNK_,Not from Villagers,0,10,1,0,0,0,0,2624,3466,65534,65534,65534,65534
terrarium,3773,391,14,_UNK_,_UNK_,Normal,0,12,2,0,0,0,0,2624,2511,65534,65534,65534,65534
floral swag,4027,121,14,_UNK_,_UNK_,Normal,50,10,0,0,0,0,0,2624,65534,65534,65534,65534,65534
potted ivy,3785,214,14,_UNK_,_UNK_,Not from Villagers,0,5,5,0,0,0,0,2624,3090,65534,65534,65534,65534
hanging terrarium,3775,396,14,_UNK_,_UNK_,Peppy,50,12,4,0,0,0,0,2624,2511,65534,65534,65534,65534
jungle wall,5457,326,14,_UNK_,_UNK_,Jock,0,15,3,3,3,0,0,2624,2768,2769,2767,65534,65534
woodland wall,5223,471,14,_UNK_,_UNK_,Normal,0,15,9,0,0,0,0,2624,2767,65534,65534,65534,65534
jungle flooring,5515,470,14,_UNK_,_UNK_,Jock,0,10,10,0,0,0,0,2624,3090,65534,65534,65534,65534
backyard lawn,4979,487,14,_UNK_,_UNK_,Peppy,0,30,0,0,0,0,0,2624,65534,65534,65534,65534,65534
leaf,4682,261,14,_UNK_,_UNK_,Jock,0,5,0,0,0,0,0,2624,65534,65534,65534,65534,65534
leaf mask,7291,635,14,_UNK_,_UNK_,Peppy,0,10,0,0,0,0,0,2624,65534,65534,65534,65534,65534
leaf umbrella,6840,456,14,_UNK_,_UNK_,Uchi,0,15,0,0,0,0,0,2624,65534,65534,65534,65534,65534
straw umbrella hat,7254,606,14,_UNK_,_UNK_,Smug,0,10,0,0,0,0,0,2624,65534,65534,65534,65534,65534
bamboo hat,5143,607,14,_UNK_,_UNK_,Cranky,0,10,0,0,0,0,0,2624,65534,65534,65534,65534,65534
traditional straw coat,5291,604,14,_UNK_,_UNK_,Normal,0,8,0,0,0,0,0,2624,65534,65534,65534,65534,65534
grass skirt,4333,603,14,_UNK_,_UNK_,Normal,0,7,0,0,0,0,0,2624,65534,65534,65534,65534,65534
green grass skirt,8907,605,14,_UNK_,_UNK_,Peppy,0,7,0,0,0,0,0,2624,65534,65534,65534,65534,65534
knitted-grass backpack,7511,636,14,_UNK_,_UNK_,Normal,0,20,0,0,0,0,0,2624,65534,65534,65534,65534,65534
straw fence,4356,552,14,_UNK_,_UNK_,Not from Villagers,0,10,3,0,0,0,0,2624,2768,65534,65534,65534,65534
orange end table,3975,185,43,_UNK_,_UNK_,Lazy,100,10,4,0,0,0,0,2214,2768,65534,65534,65534,65534
orange wall-mounted clock,3976,184,43,_UNK_,_UNK_,Lazy,100,10,2,0,0,0,0,2214,2768,65534,65534,65534,65534
orange wall,4915,303,43,_UNK_,_UNK_,Lazy,100,20,0,0,0,0,0,2214,65534,65534,65534,65534,65534
orange rug,7330,544,43,_UNK_,_UNK_,Lazy,100,6,0,0,0,0,0,2214,65534,65534,65534,65534,65534
orange umbrella,6912,625,43,_UNK_,_UNK_,Lazy,100,7,0,0,0,0,0,2214,65534,65534,65534,65534,65534
orange hat,5275,624,43,_UNK_,_UNK_,Lazy,100,5,0,0,0,0,0,2214,65534,65534,65534,65534,65534
orange dress,3288,626,43,_UNK_,_UNK_,Lazy,100,8,0,0,0,0,0,2214,65534,65534,65534,65534,65534
cherry speakers,4011,161,13,_UNK_,_UNK_,Peppy,100,10,2,0,0,0,0,2287,2511,65534,65534,65534,65534
cherry lamp,4012,162,13,_UNK_,_UNK_,Peppy,100,10,2,0,0,0,0,2287,3090,65534,65534,65534,65534
cherry wall,4919,307,13,_UNK_,_UNK_,Peppy,100,20,0,0,0,0,0,2287,65534,65534,65534,65534,65534
cherry rug,7328,543,13,_UNK_,_UNK_,Peppy,100,6,0,0,0,0,0,2287,65534,65534,65534,65534,65534
cherry umbrella,9949,614,13,_UNK_,_UNK_,Peppy,100,7,0,0,0,0,0,2287,65534,65534,65534,65534,65534
cherry hat,9873,613,13,_UNK_,_UNK_,Peppy,100,5,0,0,0,0,0,2287,65534,65534,65534,65534,65534
cherry dress,9838,612,13,_UNK_,_UNK_,Peppy,100,8,0,0,0,0,0,2287,65534,65534,65534,65534,65534
peach chair,4127,187,40,_UNK_,_UNK_,Normal,100,10,5,0,0,0,0,2286,2768,65534,65534,65534,65534
peach surprise box,4128,188,40,_UNK_,_UNK_,Normal,100,10,4,0,0,0,0,2286,2767,65534,65534,65534,65534
peach wall,4918,306,40,_UNK_,_UNK_,Normal,100,20,0,0,0,0,0,2286,65534,65534,65534,65534,65534
peach rug,7331,545,40,_UNK_,_UNK_,Normal,100,6,0,0,0,0,0,2286,65534,65534,65534,65534,65534
peach umbrella,9947,620,40,_UNK_,_UNK_,Normal,100,7,0,0,0,0,0,2286,65534,65534,65534,65534,65534
peach hat,9874,619,40,_UNK_,_UNK_,Normal,100,5,0,0,0,0,0,2286,65534,65534,65534,65534,65534
peach dress,9839,618,40,_UNK_,_UNK_,Normal,100,8,0,0,0,0,0,2286,65534,65534,65534,65534,65534
pear wardrobe,1263,9,14,_UNK_,_UNK_,Jock,100,10,5,0,0,0,0,2285,2768,65534,65534,65534,65534
pear bed,4546,186,14,_UNK_,_UNK_,Jock,100,10,6,0,0,0,0,2285,2767,65534,65534,65534,65534
pear wall,4917,305,14,_UNK_,_UNK_,Jock,100,20,0,0,0,0,0,2285,65534,65534,65534,65534,65534
pear rug,7332,546,14,_UNK_,_UNK_,Jock,100,6,0,0,0,0,0,2285,65534,65534,65534,65534,65534
pear umbrella,9950,617,14,_UNK_,_UNK_,Jock,100,7,0,0,0,0,0,2285,65534,65534,65534,65534,65534
pear hat,9872,616,14,_UNK_,_UNK_,Jock,100,5,0,0,0,0,0,2285,65534,65534,65534,65534,65534
pear dress,9837,615,14,_UNK_,_UNK_,Jock,100,8,0,0,0,0,0,2285,65534,65534,65534,65534,65534
apple chair,4134,189,12,_UNK_,_UNK_,Uchi,100,10,4,0,0,0,0,2213,2768,65534,65534,65534,65534
juicy-apple TV,2596,6,12,_UNK_,_UNK_,Uchi,100,10,2,0,0,0,0,2213,2511,65534,65534,65534,65534
apple wall,4916,304,12,_UNK_,_UNK_,Uchi,100,20,0,0,0,0,0,2213,65534,65534,65534,65534,65534
apple rug,7327,542,12,_UNK_,_UNK_,Uchi,100,6,0,0,0,0,0,2213,65534,65534,65534,65534,65534
apple umbrella,9948,623,12,_UNK_,_UNK_,Uchi,100,7,0,0,0,0,0,2213,65534,65534,65534,65534,65534
apple hat,9871,622,12,_UNK_,_UNK_,Uchi,100,5,0,0,0,0,0,2213,65534,65534,65534,65534,65534
apple dress,9836,621,12,_UNK_,_UNK_,Uchi,100,8,0,0,0,0,0,2213,65534,65534,65534,65534,65534
coconut juice,3684,163,14,_UNK_,_UNK_,Snooty,0,1,0,0,0,0,0,2288,65534,65534,65534,65534,65534
palm-tree lamp,7259,575,14,_UNK_,_UNK_,Snooty,0,4,4,4,0,0,0,2288,2768,3090,65534,65534,65534
coconut wall planter,4130,405,14,_UNK_,_UNK_,Snooty,50,1,5,0,0,0,0,2288,2624,65534,65534,65534,65534
fruit basket,975,56,46,_UNK_,_UNK_,Cranky,100,1,1,1,1,1,0,2213,2285,2287,2214,2286,65534
infused-water dispenser,4107,400,46,_UNK_,_UNK_,Cranky,100,2,2,2,2,2,2,2213,2285,2287,2214,2286,2288
fruit wreath,4378,223,46,_UNK_,_UNK_,Cranky,100,2,1,3,3,1,0,2213,2285,2287,2214,2286,65534
beekeeper's hive,3406,204,43,_UNK_,_UNK_,Jock,0,3,5,0,0,0,0,3263,2768,65534,65534,65534,65534
honeycomb wall,4865,296,43,_UNK_,_UNK_,Jock,0,6,0,0,0,0,0,3263,65534,65534,65534,65534,65534
honeycomb flooring,4999,472,43,_UNK_,_UNK_,Jock,0,5,0,0,0,0,0,3263,65534,65534,65534,65534,65534
stack of books,1759,196,13,_UNK_,_UNK_,Lazy,100,5,0,0,0,0,0,3582,65534,65534,65534,65534,65534
tiny library,5635,278,13,_UNK_,_UNK_,Normal,100,3,5,0,0,0,0,3582,2768,65534,65534,65534,65534
wooden bookshelf,4125,404,13,_UNK_,_UNK_,Lazy,100,5,10,0,0,0,0,3582,2768,65534,65534,65534,65534
classic-library wall,4837,317,13,_UNK_,_UNK_,Normal,100,10,0,0,0,0,0,3582,65534,65534,65534,65534,65534
magazine rack,1032,413,13,_UNK_,_UNK_,Peppy,100,2,4,0,0,0,0,3586,2768,65534,65534,65534,65534
stacked magazines,1861,197,13,_UNK_,_UNK_,Peppy,100,6,0,0,0,0,0,3586,65534,65534,65534,65534,65534
manga-library wall,4838,316,13,_UNK_,_UNK_,Peppy,100,10,0,0,0,0,0,3586,65534,65534,65534,65534,65534
document stack,1750,462,13,_UNK_,_UNK_,Smug,100,1,0,0,0,0,0,4034,65534,65534,65534,65534,65534
scattered papers,4034,463,13,_UNK_,_UNK_,Smug,100,1,0,0,0,0,0,1750,65534,65534,65534,65534,65534
cardboard chair,7163,498,13,_UNK_,_UNK_,Lazy,0,1,0,0,0,0,0,3672,65534,65534,65534,65534,65534
cardboard sofa,7159,500,13,_UNK_,_UNK_,Peppy,0,2,0,0,0,0,0,3672,65534,65534,65534,65534,65534
cardboard table,7160,496,13,_UNK_,_UNK_,Peppy,0,4,0,0,0,0,0,3672,65534,65534,65534,65534,65534
cardboard bed,7161,497,13,_UNK_,_UNK_,Lazy,0,4,0,0,0,0,0,3672,65534,65534,65534,65534,65534
small cardboard boxes,3410,609,13,_UNK_,_UNK_,Peppy,0,2,0,0,0,0,0,3672,65534,65534,65534,65534,65534
medium cardboard boxes,3411,610,13,_UNK_,_UNK_,Lazy,0,4,0,0,0,0,0,3672,65534,65534,65534,65534,65534
large cardboard boxes,3412,611,13,_UNK_,_UNK_,Lazy,0,5,0,0,0,0,0,3672,65534,65534,65534,65534,65534
pile of zen cushions,7048,521,13,_UNK_,_UNK_,Cranky,100,3,0,0,0,0,0,7047,65534,65534,65534,65534,65534
oil-barrel bathtub,3819,394,13,_UNK_,_UNK_,Jock,100,1,1,2,0,0,0,1567,1429,2502,65534,65534,65534
giant teddy bear,1504,577,13,_UNK_,_UNK_,Peppy,100,1,1,1,0,0,0,1499,1500,1501,65534,65534,65534
street piano,11942,654,13,_UNK_,_UNK_,Uchi,100,1,1,0,0,0,0,1081,3965,65534,65534,65534,65534
money flooring,4986,473,13,_UNK_,_UNK_,Snooty,100,1,0,0,0,0,0,2163,65534,65534,65534,65534,65534
nova light,6826,429,48,_UNK_,_UNK_,Not from Villagers,0,5,0,0,0,0,0,5983,65534,65534,65534,65534,65534
crescent-moon chair,6829,432,48,_UNK_,_UNK_,Not from Villagers,0,7,1,0,0,0,0,5983,5984,65534,65534,65534,65534
moon,1054,234,48,_UNK_,_UNK_,Not from Villagers,0,15,1,0,0,0,0,5983,5984,65534,65534,65534,65534
asteroid,1439,235,48,_UNK_,_UNK_,Not from Villagers,0,5,10,0,0,0,0,5983,2502,65534,65534,65534,65534
astronaut suit,1445,236,48,_UNK_,_UNK_,Not from Villagers,0,5,5,0,0,0,0,5983,2511,65534,65534,65534,65534
rocket,1441,409,48,_UNK_,_UNK_,Not from Villagers,0,10,20,0,0,0,0,5983,2511,65534,65534,65534,65534
satellite,1443,379,48,_UNK_,_UNK_,Not from Villagers,0,10,15,0,0,0,0,5983,2511,65534,65534,65534,65534
space shuttle,1444,381,48,_UNK_,_UNK_,Not from Villagers,0,5,10,0,0,0,0,5983,2511,65534,65534,65534,65534
crewed spaceship,5676,434,48,_UNK_,_UNK_,Not from Villagers,0,10,20,0,0,0,0,5983,2511,65534,65534,65534,65534
lunar lander,1440,386,48,_UNK_,_UNK_,Not from Villagers,0,10,15,0,0,0,0,5983,2511,65534,65534,65534,65534
lunar rover,1442,373,48,_UNK_,_UNK_,Not from Villagers,0,10,10,4,0,0,0,5983,2511,3470,65534,65534,65534
flying saucer,1447,233,48,_UNK_,_UNK_,Not from Villagers,0,15,10,0,0,0,0,5983,2511,65534,65534,65534,65534
robot hero,1509,594,48,_UNK_,_UNK_,Not from Villagers,0,1,1,30,90,10,0,1441,4590,2389,2511,2505,65534
star clock,7253,514,48,_UNK_,_UNK_,Not from Villagers,0,3,1,0,0,0,0,5983,2511,65534,65534,65534,65534
starry garland,6827,430,48,_UNK_,_UNK_,Not from Villagers,0,10,0,0,0,0,0,5983,65534,65534,65534,65534,65534
starry-sky wall,5500,294,48,_UNK_,_UNK_,Not from Villagers,0,5,1,0,0,0,0,5983,5984,65534,65534,65534,65534
starry wall,5528,286,48,_UNK_,_UNK_,Not from Villagers,0,5,1,0,0,0,0,5983,5984,65534,65534,65534,65534
sci-fi wall,5510,292,48,_UNK_,_UNK_,Not from Villagers,0,5,1,0,0,0,0,5983,5984,65534,65534,65534,65534
galaxy flooring,5269,482,48,_UNK_,_UNK_,Not from Villagers,0,5,1,0,0,0,0,5983,5984,65534,65534,65534,65534
lunar surface,4968,478,48,_UNK_,_UNK_,Not from Villagers,0,5,1,0,0,0,0,5983,5984,65534,65534,65534,65534
sci-fi flooring,5270,477,48,_UNK_,_UNK_,Not from Villagers,0,5,1,0,0,0,0,5983,5984,65534,65534,65534,65534
star head,9862,628,48,_UNK_,_UNK_,Not from Villagers,0,5,0,0,0,0,0,5983,65534,65534,65534,65534,65534
star pochette,7489,627,48,_UNK_,_UNK_,Not from Villagers,0,6,0,0,0,0,0,5983,65534,65534,65534,65534,65534
star wand,2544,523,48,_UNK_,_UNK_,Not from Villagers,0,1,3,0,0,0,0,5984,5983,65534,65534,65534,65534
Aries rocking chair,5954,367,48,_UNK_,_UNK_,Not from Villagers,0,3,2,1,5,0,0,5983,5988,2505,2502,65534,65534
Taurus bathtub,5961,384,48,_UNK_,_UNK_,Not from Villagers,0,3,2,1,8,0,0,5983,5989,2505,2502,65534,65534
Gemini closet,5960,377,48,_UNK_,_UNK_,Not from Villagers,0,3,2,2,6,0,0,5983,5990,2505,2502,65534,65534
Cancer table,5959,371,48,_UNK_,_UNK_,Not from Villagers,0,3,2,2,3,0,0,5983,5991,2505,2502,65534,65534
Leo sculpture,5964,407,48,_UNK_,_UNK_,Not from Villagers,0,3,2,2,3,0,0,5983,5992,2505,2502,65534,65534
Virgo harp,5955,368,48,_UNK_,_UNK_,Not from Villagers,0,3,2,2,4,0,0,5983,5993,2505,2502,65534,65534
Libra scale,3774,132,48,_UNK_,_UNK_,Not from Villagers,0,3,2,2,0,0,0,5983,5994,2505,65534,65534,65534
Scorpio lamp,5962,380,48,_UNK_,_UNK_,Not from Villagers,0,3,2,2,5,0,0,5983,5995,2505,2502,65534,65534
Sagittarius arrow,5958,376,48,_UNK_,_UNK_,Not from Villagers,0,3,2,2,0,0,0,5983,5996,2505,65534,65534,65534
Capricorn ornament,5957,370,48,_UNK_,_UNK_,Not from Villagers,0,3,2,2,12,0,0,5983,5985,2505,2502,65534,65534
Aquarius urn,5956,366,48,_UNK_,_UNK_,Not from Villagers,0,3,2,2,5,0,0,5983,5986,2505,2502,65534,65534
Pisces lamp,5963,399,48,_UNK_,_UNK_,Not from Villagers,0,3,2,2,4,0,0,5983,5987,2505,2502,65534,65534
bamboo stool,10742,590,14,_UNK_,_UNK_,Snooty,50,5,0,0,0,0,0,2501,65534,65534,65534,65534,65534
bamboo bench,710,46,14,_UNK_,_UNK_,Normal,50,8,0,0,0,0,0,2501,65534,65534,65534,65534,65534
bamboo candleholder,3554,153,14,_UNK_,_UNK_,Snooty,50,3,2,0,0,0,0,2501,3090,65534,65534,65534,65534
bamboo partition,3553,157,14,_UNK_,_UNK_,Cranky,50,7,6,0,0,0,0,2501,2502,65534,65534,65534,65534
bamboo sphere,5976,420,14,_UNK_,_UNK_,Normal,50,3,0,0,0,0,0,2501,65534,65534,65534,65534,65534
bamboo shelf,3551,155,14,_UNK_,_UNK_,Snooty,50,15,0,0,0,0,0,2501,65534,65534,65534,65534,65534
bamboo lunch box,5978,421,14,_UNK_,_UNK_,Snooty,50,4,0,0,0,0,0,2501,65534,65534,65534,65534,65534
hearth,722,217,14,_UNK_,_UNK_,Not from Villagers,0,2,5,4,5,0,0,2501,2511,3090,2769,65534,65534
deer scare,677,359,14,_UNK_,_UNK_,Cranky,50,3,8,3,0,0,0,2501,2502,2624,65534,65534,65534
bamboo basket,3658,152,14,_UNK_,_UNK_,Snooty,50,7,0,0,0,0,0,2501,65534,65534,65534,65534,65534
bamboo floor lamp,3557,159,14,_UNK_,_UNK_,Normal,50,8,0,0,0,0,0,2501,65534,65534,65534,65534,65534
bamboo speaker,10743,591,14,_UNK_,_UNK_,Snooty,50,3,1,0,0,0,0,2501,2511,65534,65534,65534,65534
bamboo stopblock,3556,154,14,_UNK_,_UNK_,Jock,50,3,0,0,0,0,0,2501,65534,65534,65534,65534,65534
bamboo drum,4093,397,14,_UNK_,_UNK_,Jock,50,3,2,0,0,0,0,2501,2767,65534,65534,65534,65534
bamboo wall decoration,3558,151,14,_UNK_,_UNK_,Jock,50,1,0,0,0,0,0,2501,65534,65534,65534,65534,65534
bamboo wall,4833,322,14,_UNK_,_UNK_,Cranky,50,15,0,0,0,0,0,2501,65534,65534,65534,65534,65534
bamboo flooring,4964,485,14,_UNK_,_UNK_,Cranky,50,15,0,0,0,0,0,2501,65534,65534,65534,65534,65534
dark bamboo rug,11114,672,14,_UNK_,_UNK_,Cranky,50,6,0,0,0,0,0,2501,65534,65534,65534,65534,65534
bamboo lattice fence,3403,101,14,_UNK_,_UNK_,Not from Villagers,0,6,0,0,0,0,0,2501,65534,65534,65534,65534,65534
bamboo doll,3555,158,14,_UNK_,_UNK_,Not from Villagers,0,6,0,0,0,0,0,5729,65534,65534,65534,65534,65534
green-leaf pile,4269,587,14,_UNK_,_UNK_,Not from Villagers,0,1,10,0,0,0,0,5729,2624,65534,65534,65534,65534
bamboo noodle slide,5979,424,14,_UNK_,_UNK_,Not from Villagers,0,7,3,0,0,0,0,5729,2768,65534,65534,65534,65534
steamer-basket set,3344,382,14,_UNK_,_UNK_,Not from Villagers,0,6,0,0,0,0,0,5729,65534,65534,65534,65534,65534
bamboo-shoot lamp,5977,385,14,_UNK_,_UNK_,Not from Villagers,0,4,5,4,0,0,0,5729,2295,3090,65534,65534,65534
bamboo-grove wall,4853,300,14,_UNK_,_UNK_,Not from Villagers,0,7,3,0,0,0,0,5729,2295,65534,65534,65534,65534
light bamboo rug,11113,671,14,_UNK_,_UNK_,Not from Villagers,0,6,0,0,0,0,0,5729,65534,65534,65534,65534,65534
basket pack,7506,645,14,_UNK_,_UNK_,Not from Villagers,0,6,0,0,0,0,0,5729,65534,65534,65534,65534,65534
bamboo wand,7590,538,14,_UNK_,_UNK_,Not from Villagers,0,6,3,0,0,0,0,5729,5983,65534,65534,65534,65534
cherry-blossom-petal pile,6032,418,40,_UNK_,_UNK_,Not from Villagers,0,5,0,0,0,0,0,5859,65534,65534,65534,65534,65534
cherry-blossom bonsai,6030,375,40,_UNK_,_UNK_,Not from Villagers,0,6,2,3,3,0,0,5859,2769,2624,3090,65534,65534
cherry-blossom branches,6031,419,40,_UNK_,_UNK_,Not from Villagers,0,8,4,5,0,0,0,5859,2500,3090,65534,65534,65534
outdoor picnic set,6033,422,40,_UNK_,_UNK_,Not from Villagers,0,10,0,0,0,0,0,5859,65534,65534,65534,65534,65534
blossom-viewing lantern,6831,427,40,_UNK_,_UNK_,Not from Villagers,0,6,4,0,0,0,0,5859,2769,65534,65534,65534,65534
cherry-blossom clock,6832,426,40,_UNK_,_UNK_,Not from Villagers,0,5,1,0,0,0,0,5859,2511,65534,65534,65534,65534
cherry-blossom-trees wall,7205,480,40,_UNK_,_UNK_,Not from Villagers,0,10,5,0,0,0,0,5859,2769,65534,65534,65534,65534
sakura-wood wall,4947,321,40,_UNK_,_UNK_,Not from Villagers,0,5,10,0,0,0,0,5859,2768,65534,65534,65534,65534
cherry-blossom flooring,7204,479,40,_UNK_,_UNK_,Not from Villagers,0,10,20,0,0,0,0,5859,2624,65534,65534,65534,65534
sakura-wood flooring,5056,649,40,_UNK_,_UNK_,Not from Villagers,0,5,10,0,0,0,0,5859,2768,65534,65534,65534,65534
cherry-blossom umbrella,9945,629,40,_UNK_,_UNK_,Not from Villagers,0,7,0,0,0,0,0,5859,65534,65534,65534,65534,65534
cherry-blossom pochette,7490,630,40,_UNK_,_UNK_,Not from Villagers,0,6,0,0,0,0,0,5859,65534,65534,65534,65534,65534
cherry-blossom wand,7589,537,40,_UNK_,_UNK_,Not from Villagers,0,3,3,0,0,0,0,5859,5983,65534,65534,65534,65534
shell stool,3979,177,46,_UNK_,_UNK_,Uchi,0,5,0,0,0,0,0,1382,65534,65534,65534,65534,65534
shell fountain,3982,180,46,_UNK_,_UNK_,Lazy,0,5,3,0,0,0,0,1381,2502,65534,65534,65534,65534
shell table,3980,178,46,_UNK_,_UNK_,Peppy,0,7,3,0,0,0,0,1379,3090,65534,65534,65534,65534
shell bed,3983,181,46,_UNK_,_UNK_,Peppy,0,5,3,4,0,0,0,1381,3090,2502,65534,65534,65534
shell partition,3978,176,46,_UNK_,_UNK_,Uchi,0,4,4,0,0,0,0,1375,1376,65534,65534,65534,65534
shell arch,3977,175,46,_UNK_,_UNK_,Lazy,100,3,3,3,3,3,3,1374,1375,1379,1380,1381,1382
shell lamp,3984,182,46,_UNK_,_UNK_,Uchi,0,2,3,0,0,0,0,1381,3090,65534,65534,65534,65534
shell speaker,5150,200,46,_UNK_,_UNK_,Uchi,0,3,2,0,0,0,0,1376,2511,65534,65534,65534,65534
sandy-beach flooring,4970,669,46,_UNK_,_UNK_,Jock,0,1,1,1,1,1,1,1374,1375,1379,1380,1381,1382
shell rug,7362,668,46,_UNK_,_UNK_,Peppy,0,3,0,0,0,0,0,1381,65534,65534,65534,65534,65534
shell wreath,4376,219,46,_UNK_,_UNK_,Not from Villagers,0,1,1,1,1,1,1,5982,1374,1379,1380,1381,1382
tropical vista,5661,666,46,_UNK_,_UNK_,Not from Villagers,0,5,0,0,0,0,0,5982,65534,65534,65534,65534,65534
underwater wall,5508,665,46,_UNK_,_UNK_,Not from Villagers,0,3,5,0,0,0,0,5982,1380,65534,65534,65534,65534
underwater flooring,5268,564,46,_UNK_,_UNK_,Not from Villagers,0,3,3,0,0,0,0,5982,1380,65534,65534,65534,65534
starry-sands flooring,7239,667,46,_UNK_,_UNK_,Not from Villagers,0,3,1,0,0,0,0,5982,4970,65534,65534,65534,65534
water flooring,5030,565,46,_UNK_,_UNK_,Not from Villagers,0,6,0,0,0,0,0,5982,65534,65534,65534,65534,65534
shellfish pochette,7494,634,46,_UNK_,_UNK_,Not from Villagers,0,2,6,0,0,0,0,1381,5982,65534,65534,65534,65534
shell wand,7586,534,46,_UNK_,_UNK_,Not from Villagers,0,3,3,0,0,0,0,5982,5983,65534,65534,65534,65534
yellow-leaf pile,4270,588,42,_UNK_,_UNK_,Not from Villagers,0,3,5,0,0,0,0,5727,2624,65534,65534,65534,65534
red-leaf pile,4271,589,42,_UNK_,_UNK_,Not from Villagers,0,3,4,0,0,0,0,7374,2624,65534,65534,65534,65534
pile of leaves,1023,586,42,_UNK_,_UNK_,Not from Villagers,0,3,5,0,0,0,0,5728,2624,65534,65534,65534,65534
leaf campfire,7788,509,42,_UNK_,_UNK_,Not from Villagers,0,3,5,3,0,0,0,5728,2624,2500,65534,65534,65534
leaf stool,7390,519,42,_UNK_,_UNK_,Not from Villagers,0,3,3,0,0,0,0,7374,2768,65534,65534,65534,65534
traditional balancing toy,5975,411,42,_UNK_,_UNK_,Not from Villagers,0,4,2,0,0,0,0,5727,2769,65534,65534,65534,65534
tree's bounty lamp,6078,415,42,_UNK_,_UNK_,Not from Villagers,0,6,4,0,0,0,0,5727,3090,65534,65534,65534,65534
tree's bounty little tree,6079,416,42,_UNK_,_UNK_,Not from Villagers,0,6,4,1,0,0,0,5728,5727,2769,65534,65534,65534
tree's bounty big tree,6080,417,42,_UNK_,_UNK_,Not from Villagers,0,5,4,4,8,4,0,5728,5727,7374,2500,3090,65534
tree's bounty arch,6081,423,42,_UNK_,_UNK_,Not from Villagers,0,4,5,5,15,0,0,5728,5727,7374,2500,65534,65534
pine bonsai tree,3802,592,42,_UNK_,_UNK_,Not from Villagers,0,8,5,0,0,0,0,5728,3090,65534,65534,65534,65534
tree's bounty mobile,6075,414,42,_UNK_,_UNK_,Not from Villagers,0,2,3,3,0,0,0,5728,5727,2500,65534,65534,65534
autumn wall,4905,290,42,_UNK_,_UNK_,Not from Villagers,0,10,5,5,0,0,0,7374,2768,2624,65534,65534,65534
colored-leaves flooring,4990,476,42,_UNK_,_UNK_,Not from Villagers,0,10,15,0,0,0,0,7374,2624,65534,65534,65534,65534
maple-leaf umbrella,7169,541,42,_UNK_,_UNK_,Not from Villagers,0,7,0,0,0,0,0,7374,65534,65534,65534,65534,65534
maple-leaf pochette,7491,631,42,_UNK_,_UNK_,Not from Villagers,0,6,0,0,0,0,0,7374,65534,65534,65534,65534,65534
acorn pochette,7492,632,42,_UNK_,_UNK_,Not from Villagers,0,6,0,0,0,0,0,5727,65534,65534,65534,65534,65534
mush low stool,4708,220,43,_UNK_,_UNK_,Not from Villagers,0,2,0,0,0,0,0,3277,65534,65534,65534,65534,65534
mush log,3808,136,43,_UNK_,_UNK_,Not from Villagers,0,2,1,0,0,0,0,3278,4038,65534,65534,65534,65534
mush table,808,32,43,_UNK_,_UNK_,Not from Villagers,0,2,6,0,0,0,0,3279,2768,65534,65534,65534,65534
mush lamp,805,51,43,_UNK_,_UNK_,Not from Villagers,0,1,5,0,0,0,0,3278,3090,65534,65534,65534,65534
mush parasol,3805,139,43,_UNK_,_UNK_,Not from Villagers,0,3,0,0,0,0,0,3279,65534,65534,65534,65534,65534
mush partition,3806,138,43,_UNK_,_UNK_,Not from Villagers,0,3,0,0,0,0,0,3278,65534,65534,65534,65534,65534
mushroom wreath,4726,221,43,_UNK_,_UNK_,Not from Villagers,0,10,1,1,1,0,0,2500,3277,3278,3279,65534,65534
forest wall,7187,484,43,_UNK_,_UNK_,Not from Villagers,0,2,2,2,2,10,0,3276,3277,3278,3279,2768,65534
mush wall,5164,308,43,_UNK_,_UNK_,Not from Villagers,0,1,1,1,1,0,0,3276,3277,3278,3279,65534,65534
forest flooring,7186,488,43,_UNK_,_UNK_,Not from Villagers,0,1,2,2,2,10,0,3280,3277,3278,3279,2624,65534
mush umbrella,7174,648,43,_UNK_,_UNK_,Not from Villagers,0,3,0,0,0,0,0,3279,65534,65534,65534,65534,65534
mushroom wand,7588,536,43,_UNK_,_UNK_,Not from Villagers,0,3,3,0,0,0,0,3278,5983,65534,65534,65534,65534
frozen-treat set,4279,194,15,_UNK_,_UNK_,Not from Villagers,0,1,1,0,0,0,0,3540,3539,65534,65534,65534,65534
frozen chair,3503,142,15,_UNK_,_UNK_,Not from Villagers,0,1,3,0,0,0,0,3540,3539,65534,65534,65534,65534
frozen counter,3505,143,15,_UNK_,_UNK_,Not from Villagers,0,1,5,0,0,0,0,3540,3539,65534,65534,65534,65534
frozen table,3497,146,15,_UNK_,_UNK_,Not from Villagers,0,1,8,0,0,0,0,3540,3539,65534,65534,65534,65534
frozen bed,3502,149,15,_UNK_,_UNK_,Not from Villagers,0,1,10,0,0,0,0,3540,3539,65534,65534,65534,65534
frozen partition,3498,147,15,_UNK_,_UNK_,Not from Villagers,0,1,6,0,0,0,0,3540,3539,65534,65534,65534,65534
frozen arch,3499,140,15,_UNK_,_UNK_,Not from Villagers,0,1,10,0,0,0,0,3540,3539,65534,65534,65534,65534
frozen pillar,3500,148,15,_UNK_,_UNK_,Not from Villagers,0,1,3,0,0,0,0,3540,3539,65534,65534,65534,65534
frozen sculpture,3501,141,15,_UNK_,_UNK_,Not from Villagers,0,1,4,0,0,0,0,3540,3539,65534,65534,65534,65534
frozen tree,3504,145,15,_UNK_,_UNK_,Not from Villagers,0,1,8,0,0,0,0,3540,3539,65534,65534,65534,65534
three-tiered snowperson,5337,364,15,_UNK_,_UNK_,Not from Villagers,0,1,6,2,0,0,0,3540,3539,2500,65534,65534,65534
ice wall,5505,293,15,_UNK_,_UNK_,Not from Villagers,0,1,8,0,0,0,0,3540,3539,65534,65534,65534,65534
ice flooring,5516,288,15,_UNK_,_UNK_,Not from Villagers,0,1,8,0,0,0,0,3540,3539,65534,65534,65534,65534
snowperson head,8609,637,15,_UNK_,_UNK_,Not from Villagers,0,1,5,0,0,0,0,3540,3539,65534,65534,65534,65534
ice wand,7585,533,15,_UNK_,_UNK_,Not from Villagers,0,1,3,0,0,0,0,3540,5983,65534,65534,65534,65534
snowflake wreath,4375,222,15,_UNK_,_UNK_,Not from Villagers,0,4,0,0,0,0,0,3539,65534,65534,65534,65534,65534
ski-slope wall,5498,295,15,_UNK_,_UNK_,Not from Villagers,0,8,0,0,0,0,0,3539,65534,65534,65534,65534,65534
iceberg wall,5662,302,15,_UNK_,_UNK_,Not from Villagers,0,10,0,0,0,0,0,3539,65534,65534,65534,65534,65534
snowflake wall,4855,323,15,_UNK_,_UNK_,Not from Villagers,0,12,0,0,0,0,0,3539,65534,65534,65534,65534,65534
ski-slope flooring,4989,483,15,_UNK_,_UNK_,Not from Villagers,0,8,0,0,0,0,0,3539,65534,65534,65534,65534,65534
iceberg flooring,5253,289,15,_UNK_,_UNK_,Not from Villagers,0,10,0,0,0,0,0,3539,65534,65534,65534,65534,65534
snowflake pochette,7493,633,15,_UNK_,_UNK_,Not from Villagers,0,6,0,0,0,0,0,3539,65534,65534,65534,65534,65534
festive top set,12230,650,46,_UNK_,_UNK_,Not from Villagers,0,2,1,0,0,0,0,5732,2769,65534,65534,65534,65534
holiday candle,891,372,46,_UNK_,_UNK_,Not from Villagers,0,5,5,0,0,0,0,5730,2624,65534,65534,65534,65534
tabletop festive tree,4067,388,46,_UNK_,_UNK_,Not from Villagers,0,5,3,2,0,0,0,5732,2500,3090,65534,65534,65534
festive tree,3991,274,46,_UNK_,_UNK_,Not from Villagers,0,3,3,2,5,0,0,5730,5731,5732,2768,65534,65534
big festive tree,3966,273,46,_UNK_,_UNK_,Not from Villagers,0,6,6,4,5,5,0,5730,5731,5732,2768,3090,65534
illuminated snowflakes,4131,406,46,_UNK_,_UNK_,Not from Villagers,0,9,3,0,0,0,0,5731,2511,65534,65534,65534,65534
illuminated present,4108,401,46,_UNK_,_UNK_,Not from Villagers,0,3,4,3,0,0,0,5730,5732,2511,65534,65534,65534
illuminated reindeer,4074,392,46,_UNK_,_UNK_,Not from Villagers,0,6,5,0,0,0,0,5732,2511,65534,65534,65534,65534
illuminated tree,4066,203,46,_UNK_,_UNK_,Not from Villagers,0,8,8,6,6,0,0,5730,5731,5732,2511,65534,65534
ornament mobile,6818,433,46,_UNK_,_UNK_,Not from Villagers,0,1,1,1,4,0,0,5730,5731,5732,2500,65534,65534
ornament wreath,4377,226,46,_UNK_,_UNK_,Not from Villagers,0,6,2,0,0,0,0,5731,5732,65534,65534,65534,65534
Jingle wall,5230,291,46,_UNK_,_UNK_,Not from Villagers,0,5,5,5,5,0,0,5730,5731,5732,3090,65534,65534
windflower fan,7233,503,14,_UNK_,_UNK_,Lazy,50,3,2,0,0,0,0,3723,2511,65534,65534,65534,65534
mum cushion,7232,505,14,_UNK_,_UNK_,Peppy,50,3,10,0,0,0,0,3758,2624,65534,65534,65534,65534
cosmos shower,7230,501,14,_UNK_,_UNK_,Snooty,50,5,3,0,0,0,0,2867,2511,65534,65534,65534,65534
tulip surprise box,7231,495,14,_UNK_,_UNK_,Jock,50,5,3,0,0,0,0,2883,2767,65534,65534,65534,65534
rose bed,7235,507,14,_UNK_,_UNK_,Smug,50,10,5,0,0,0,0,2935,2768,65534,65534,65534,65534
pansy table,7237,516,14,_UNK_,_UNK_,Normal,50,5,3,0,0,0,0,2915,2769,65534,65534,65534,65534
hyacinth lamp,7234,506,14,_UNK_,_UNK_,Uchi,50,5,3,0,0,0,0,3751,3090,65534,65534,65534,65534
lily record player,7236,515,14,_UNK_,_UNK_,Cranky,50,5,3,3,0,0,0,2979,2511,2768,65534,65534,65534
flower stand,7527,608,14,_UNK_,_UNK_,Uchi,100,1,2,2,2,1,4,2935,2943,2947,2979,2987,3727
windflower wreath,5436,228,14,_UNK_,_UNK_,All Villagers,50,3,3,3,0,0,0,3723,3709,3713,65534,65534,65534
cool windflower wreath,5746,441,14,_UNK_,_UNK_,All Villagers,100,3,3,3,0,0,0,3717,3720,3709,65534,65534,65534
chic windflower wreath,5765,440,14,_UNK_,_UNK_,All Villagers,200,10,0,0,0,0,0,3727,65534,65534,65534,65534,65534
mum wreath,5467,231,14,_UNK_,_UNK_,All Villagers,50,3,3,3,0,0,0,3754,3758,3768,65534,65534,65534
fancy mum wreath,5749,443,14,_UNK_,_UNK_,All Villagers,100,3,3,3,0,0,0,3765,3762,3768,65534,65534,65534
natural mum wreath,5768,442,14,_UNK_,_UNK_,All Villagers,200,10,0,0,0,0,0,5175,65534,65534,65534,65534,65534
cosmos wreath,4293,227,14,_UNK_,_UNK_,All Villagers,50,3,3,3,0,0,0,2863,2305,2304,65534,65534,65534
pretty cosmos wreath,5745,445,14,_UNK_,_UNK_,All Villagers,100,3,3,3,0,0,0,2871,2867,2304,65534,65534,65534
chic cosmos wreath,5764,444,14,_UNK_,_UNK_,All Villagers,200,10,0,0,0,0,0,2875,65534,65534,65534,65534,65534
tulip wreath,5670,360,14,_UNK_,_UNK_,All Villagers,50,3,3,3,0,0,0,2883,2887,2879,65534,65534,65534
pretty tulip wreath,5751,361,14,_UNK_,_UNK_,All Villagers,100,3,3,3,0,0,0,2895,2891,2899,65534,65534,65534
dark tulip wreath,5771,362,14,_UNK_,_UNK_,All Villagers,200,10,0,0,0,0,0,2903,65534,65534,65534,65534,65534
rose wreath,5437,229,14,_UNK_,_UNK_,All Villagers,50,3,3,3,0,0,0,2935,2931,2939,65534,65534,65534
fancy rose wreath,5747,448,14,_UNK_,_UNK_,All Villagers,100,3,3,3,0,0,0,2947,2943,2939,65534,65534,65534
dark rose wreath,5766,446,14,_UNK_,_UNK_,All Villagers,200,3,6,0,0,0,0,2955,2951,65534,65534,65534,65534
blue rose wreath,5772,447,14,_UNK_,_UNK_,All Villagers,200,10,0,0,0,0,0,2959,65534,65534,65534,65534,65534
gold rose wreath,5820,449,14,_UNK_,_UNK_,All Villagers,200,10,0,0,0,0,0,2963,65534,65534,65534,65534,65534
pansy wreath,5466,230,14,_UNK_,_UNK_,All Villagers,50,3,3,3,0,0,0,2915,2907,2911,65534,65534,65534
snazzy pansy wreath,5748,451,14,_UNK_,_UNK_,All Villagers,100,3,3,3,0,0,0,2919,2927,2915,65534,65534,65534
cool pansy wreath,5767,450,14,_UNK_,_UNK_,All Villagers,200,10,0,0,0,0,0,2923,65534,65534,65534,65534,65534
hyacinth wreath,5468,232,14,_UNK_,_UNK_,All Villagers,50,3,3,3,0,0,0,3730,3744,3734,65534,65534,65534
cool hyacinth wreath,5750,453,14,_UNK_,_UNK_,All Villagers,100,3,3,3,0,0,0,3741,3748,3738,65534,65534,65534
purple hyacinth wreath,5769,452,14,_UNK_,_UNK_,All Villagers,200,10,0,0,0,0,0,3751,65534,65534,65534,65534,65534
lily wreath,5641,438,14,_UNK_,_UNK_,All Villagers,50,3,3,3,0,0,0,2979,2983,2987,65534,65534,65534
fancy lily wreath,5677,455,14,_UNK_,_UNK_,All Villagers,100,3,3,3,0,0,0,2995,2991,2987,65534,65534,65534
dark lily wreath,5770,454,14,_UNK_,_UNK_,All Villagers,200,10,0,0,0,0,0,2999,65534,65534,65534,65534,65534
windflower crown,5099,240,14,_UNK_,_UNK_,All Villagers,0,2,2,2,0,0,0,3723,3713,3709,65534,65534,65534
cool windflower crown,5100,241,14,_UNK_,_UNK_,All Villagers,100,3,3,0,0,0,0,3717,3720,65534,65534,65534,65534
purple windflower crown,5101,242,14,_UNK_,_UNK_,All Villagers,200,6,0,0,0,0,0,3727,65534,65534,65534,65534,65534
mum crown,5117,258,14,_UNK_,_UNK_,All Villagers,0,2,2,2,0,0,0,3768,3758,3754,65534,65534,65534
chic mum crown,5118,259,14,_UNK_,_UNK_,All Villagers,100,3,3,0,0,0,0,3762,3765,65534,65534,65534,65534
simple mum crown,5119,260,14,_UNK_,_UNK_,All Villagers,200,6,0,0,0,0,0,5175,65534,65534,65534,65534,65534
cosmos crown,5108,249,14,_UNK_,_UNK_,All Villagers,0,2,2,2,0,0,0,2304,2863,2305,65534,65534,65534
lovely cosmos crown,5109,250,14,_UNK_,_UNK_,All Villagers,100,4,3,0,0,0,0,2867,2871,65534,65534,65534,65534
dark cosmos crown,5110,251,14,_UNK_,_UNK_,All Villagers,200,7,0,0,0,0,0,2875,65534,65534,65534,65534,65534
tulip crown,5102,243,14,_UNK_,_UNK_,All Villagers,0,2,2,1,0,0,0,2883,2887,2879,65534,65534,65534
chic tulip crown,5103,244,14,_UNK_,_UNK_,All Villagers,100,2,2,1,0,0,0,2899,2891,2895,65534,65534,65534
dark tulip crown,5104,245,14,_UNK_,_UNK_,All Villagers,200,5,0,0,0,0,0,2903,65534,65534,65534,65534,65534
rose crown,5111,252,14,_UNK_,_UNK_,All Villagers,0,2,2,2,0,0,0,2935,2939,2931,65534,65534,65534
cute rose crown,5112,253,14,_UNK_,_UNK_,All Villagers,100,3,3,0,0,0,0,2943,2947,65534,65534,65534,65534
chic rose crown,5113,254,14,_UNK_,_UNK_,All Villagers,200,3,3,0,0,0,0,2951,2955,65534,65534,65534,65534
blue rose crown,7377,459,14,_UNK_,_UNK_,All Villagers,200,6,0,0,0,0,0,2959,65534,65534,65534,65534,65534
gold rose crown,7378,460,14,_UNK_,_UNK_,All Villagers,200,6,0,0,0,0,0,2963,65534,65534,65534,65534,65534
pansy crown,5105,246,14,_UNK_,_UNK_,All Villagers,0,2,2,2,0,0,0,2911,2915,2907,65534,65534,65534
cool pansy crown,5106,247,14,_UNK_,_UNK_,All Villagers,100,3,3,0,0,0,0,2919,2927,65534,65534,65534,65534
purple pansy crown,5107,248,14,_UNK_,_UNK_,All Villagers,200,6,0,0,0,0,0,2923,65534,65534,65534,65534,65534
hyacinth crown,5096,237,14,_UNK_,_UNK_,All Villagers,0,4,2,2,0,0,0,3744,3734,3730,65534,65534,65534
cool hyacinth crown,5097,238,14,_UNK_,_UNK_,All Villagers,100,4,2,2,0,0,0,3748,3738,3741,65534,65534,65534
purple hyacinth crown,5098,239,14,_UNK_,_UNK_,All Villagers,200,6,0,0,0,0,0,3751,65534,65534,65534,65534,65534
lily crown,5114,255,14,_UNK_,_UNK_,All Villagers,0,2,2,2,0,0,0,2983,2987,2979,65534,65534,65534
cute lily crown,5115,256,14,_UNK_,_UNK_,All Villagers,100,2,2,2,0,0,0,2991,2995,2979,65534,65534,65534
dark lily crown,5116,257,14,_UNK_,_UNK_,All Villagers,200,6,0,0,0,0,0,2999,65534,65534,65534,65534,65534
windflower wand,5084,525,14,_UNK_,_UNK_,Not from Villagers,0,1,3,0,0,0,0,3713,5983,65534,65534,65534,65534
mums wand,5095,531,14,_UNK_,_UNK_,Not from Villagers,0,1,3,0,0,0,0,3758,5983,65534,65534,65534,65534
cosmos wand,5092,528,14,_UNK_,_UNK_,Not from Villagers,0,1,3,0,0,0,0,2305,5983,65534,65534,65534,65534
tulip wand,5085,526,14,_UNK_,_UNK_,Not from Villagers,0,1,3,0,0,0,0,2883,5983,65534,65534,65534,65534
rose wand,5093,529,14,_UNK_,_UNK_,Not from Villagers,0,1,3,0,0,0,0,2935,5983,65534,65534,65534,65534
pansy wand,5091,527,14,_UNK_,_UNK_,Not from Villagers,0,1,3,0,0,0,0,2915,5983,65534,65534,65534,65534
hyacinth wand,5083,524,14,_UNK_,_UNK_,Not from Villagers,0,1,3,0,0,0,0,3738,5983,65534,65534,65534,65534
lily wand,5094,530,14,_UNK_,_UNK_,Not from Villagers,0,1,3,0,0,0,0,2979,5983,65534,65534,65534,65534